[
  {
    "title": "Products description",
    "img": "assets/product.png",
    "description": "Nuestra selección de productos ecológicos ofrece una alternativa sostenible y consciente para tu estilo de vida. Desde limpieza hasta cuidado personal, cada artículo está elaborado con ingredientes naturales y biodegradables, promoviendo un hogar más saludable y un planeta más verde."
  },
  {
    "title": "Team description",
    "img": "assets/team.png",
    "description": "Nuestro equipo de programadores, comprometidos con la sostenibilidad, lidera el desarrollo de nuestra página de productos ecológicos. Trabajamos para ofrecerte una experiencia en línea intuitiva y atractiva, facilitando la búsqueda y compra de productos amigables con el planeta."
  }
]
